categoria,marca,nome_prodotto,prezzo_effettivo,prezzo_ordinario,url_prodotto,colonna_separata,modello,sport,colori
Scarpe Sportive Uomo Mizuno,MIZUNO,NEO ZEN - Scarpe da corsa su strada - mint,"149,99","149,99",https://www.zalando.it/mizuno-neo-zen-scarpe-da-corsa-su-strada-mint-m2742a0lg-m11.html,"['NEO ZEN ', ' Scarpe da corsa su strada ', ' mint']",NEO ZEN , Scarpe da corsa su strada , mint
Scarpe Sportive Uomo Mizuno,MIZUNO,WAVE SKY 8 - Scarpe da corsa su strada - blue mint,"189,99","189,99",https://www.zalando.it/mizuno-wave-sky-8-scarpe-da-corsa-su-strada-blue-mint-m2742a0jb-k11.html,"['WAVE SKY 8 ', ' Scarpe da corsa su strada ', ' blue mint']",WAVE SKY 8 , Scarpe da corsa su strada , blue mint
Scarpe Sportive Uomo Mizuno,MIZUNO,WAVE DIMENSION - Scarpe da pallavolo - black/neon flame/peacock blue,"89,99","99,99",https://www.zalando.it/mizuno-wave-dimension-scarpe-da-pallavolo-blackneon-flamepeacock-blue-m2742a0fc-q11.html,"['WAVE DIMENSION ', ' Scarpe da pallavolo ', ' black/neon flame/peacock blue']",WAVE DIMENSION , Scarpe da pallavolo , black/neon flame/peacock blue
Scarpe Sportive Uomo Mizuno,MIZUNO,THUNDER BLADE Z MID - Scarpe da pallavolo - white/bellwether blue/bel air blue,"75,99","89,99",https://www.zalando.it/mizuno-thunder-blade-z-mid-scarpe-da-pallavolo-whitebellwether-bluebel-air-blue-m2742a0gr-a14.html,"['THUNDER BLADE Z MID ', ' Scarpe da pallavolo ', ' white/bellwether blue/bel air blue']",THUNDER BLADE Z MID , Scarpe da pallavolo , white/bellwether blue/bel air blue
Scarpe Sportive Uomo Mizuno,MIZUNO,WAVE DRIVE NEO 3 - Scarpe da pallavolo - white/black/racing yellow,"119,99","149,99",https://www.zalando.it/mizuno-wave-drive-neo-3-scarpe-da-pallavolo-whiteblackracing-yellow-m2742a0ha-a11.html,"['WAVE DRIVE NEO 3 ', ' Scarpe da pallavolo ', ' white/black/racing yellow']",WAVE DRIVE NEO 3 , Scarpe da pallavolo , white/black/racing yellow
Scarpe Sportive Uomo Mizuno,MIZUNO,MORELIA NEO IV Β ELITE - Scarpe da calcetto con tacchetti - white/neon green/cool gray,"177,99","209,99",https://www.zalando.it/mizuno-morelia-neo-iv-elite-scarpe-da-calcetto-con-tacchetti-whiteneon-greencool-gray-m2742a0jv-a11.html,"['MORELIA NEO IV Β ELITE ', ' Scarpe da calcetto con tacchetti ', ' white/neon green/cool gray']",MORELIA NEO IV Β ELITE , Scarpe da calcetto con tacchetti , white/neon green/cool gray
Scarpe Sportive Uomo Mizuno,MIZUNO,WAVE DAICHI 9  - Scarpe da trail running - black/grey,"159,99","159,99",https://www.zalando.it/mizuno-wave-daichi-9-scarpe-da-trail-running-blackgrey-m2742a0l7-q11.html,"['WAVE DAICHI 9  ', ' Scarpe da trail running ', ' black/grey']",WAVE DAICHI 9  , Scarpe da trail running , black/grey
Scarpe Sportive Uomo Mizuno,MIZUNO,WAVE VOLTAGE 2 UNISEX - Scarpe da pallavolo - white/blue,"107,99","119,99",https://www.zalando.it/mizuno-wave-voltage-2-scarpe-da-pallavolo-whiteblue-m2742a0ip-a12.html,"['WAVE VOLTAGE 2 UNISEX ', ' Scarpe da pallavolo ', ' white/blue']",WAVE VOLTAGE 2 UNISEX , Scarpe da pallavolo , white/blue
Scarpe Sportive Uomo Mizuno,MIZUNO,WAVE SKY 6 - Scarpe da corsa su strada - white/cyber yellow,"161,99","180,00",https://www.zalando.it/mizuno-wave-sky-6-scarpe-running-neutre-whitecyber-yellow-m2742a0ev-a11.html,"['WAVE SKY 6 ', ' Scarpe da corsa su strada ', ' white/cyber yellow']",WAVE SKY 6 , Scarpe da corsa su strada , white/cyber yellow
Scarpe Sportive Uomo Mizuno,MIZUNO,WAVE LIGHTNING Z8 MID - Scarpe da pallavolo - black/neon flame/peacock blue,"152,99","169,99",https://www.zalando.it/mizuno-wave-lightning-z8-mid-scarpe-da-pallavolo-blackneon-flamepeacock-blue-m2742a0ho-q11.html,"['WAVE LIGHTNING Z8 MID ', ' Scarpe da pallavolo ', ' black/neon flame/peacock blue']",WAVE LIGHTNING Z8 MID , Scarpe da pallavolo , black/neon flame/peacock blue
Scarpe Sportive Uomo Mizuno,MIZUNO,WAVE DIMENSION - Scarpe da pallavolo - white/bellwether blue/bel air blue,"89,99","99,99",https://www.zalando.it/mizuno-wave-dimension-scarpe-da-pallavolo-whitebellwether-bluebel-air-blue-m2742a0fc-a14.html,"['WAVE DIMENSION ', ' Scarpe da pallavolo ', ' white/bellwether blue/bel air blue']",WAVE DIMENSION , Scarpe da pallavolo , white/bellwether blue/bel air blue
Scarpe Sportive Uomo Mizuno,MIZUNO,WAVE ENFORCE COURT ALLCOURT - Scarpe da tennis per tutte le superfici - white/vintage indigo/neo mint,"98,99","109,99",https://www.zalando.it/mizuno-wave-enforce-court-allcourt-scarpe-da-tennis-per-tutte-le-superfici-whitevintage-indigoneo-mint-m2742a0jh-a12.html,"['WAVE ENFORCE COURT ALLCOURT ', ' Scarpe da tennis per tutte le superfici ', ' white/vintage indigo/neo mint']",WAVE ENFORCE COURT ALLCOURT , Scarpe da tennis per tutte le superfici , white/vintage indigo/neo mint
Scarpe Sportive Uomo Mizuno,MIZUNO,CYCLONE SPEED 5 - Scarpe da pallavolo - white/blue,"57,99","64,99",https://www.zalando.it/mizuno-cyclone-speed-5-scarpe-da-pallavolo-whiteblue-m2742a0l8-a11.html,"['CYCLONE SPEED 5 ', ' Scarpe da pallavolo ', ' white/blue']",CYCLONE SPEED 5 , Scarpe da pallavolo , white/blue
Scarpe Sportive Uomo Mizuno,MIZUNO,WAVE ENFORCE - da tennis per terra battuta - white estateblue riverblue,"97,00","110,00",https://www.zalando.it/mizuno-da-tennis-per-terra-battuta-white-estateblue-riverblue-m2742a0lz-a11.html,"['WAVE ENFORCE ', ' da tennis per terra battuta ', ' white estateblue riverblue']",WAVE ENFORCE , da tennis per terra battuta , white estateblue riverblue
Scarpe Sportive Uomo Mizuno,MIZUNO,WAVE INSPIRE 21 - Scarpe da corsa su strada - black/silver/metallic gray,"159,99","159,99",https://www.zalando.it/mizuno-wave-inspire-21-scarpe-da-corsa-su-strada-blacksilvermetallic-gray-m2742a0l1-q11.html,"['WAVE INSPIRE 21 ', ' Scarpe da corsa su strada ', ' black/silver/metallic gray']",WAVE INSPIRE 21 , Scarpe da corsa su strada , black/silver/metallic gray
Scarpe Sportive Uomo Mizuno,MIZUNO,WAVE MOMENTUM 3 - Scarpe da pallavolo - white/bellwether blue/bel air blue,"143,99","169,99",https://www.zalando.it/mizuno-wave-momentum-3-scarpe-da-pallavolo-whitebellwether-bluebel-air-blue-m2742a0gs-a14.html,"['WAVE MOMENTUM 3 ', ' Scarpe da pallavolo ', ' white/bellwether blue/bel air blue']",WAVE MOMENTUM 3 , Scarpe da pallavolo , white/bellwether blue/bel air blue
Scarpe Sportive Uomo Mizuno,MIZUNO,MORELIA NEO IV Β ELITE - Scarpe da calcetto con tacchetti - galaxy silver/cool gray,"200,00","200,00",https://www.zalando.it/mizuno-morelia-neo-iv-elite-scarpe-da-calcetto-con-tacchetti-galaxy-silvercool-gray-m2742a0jv-d11.html,"['MORELIA NEO IV Β ELITE ', ' Scarpe da calcetto con tacchetti ', ' galaxy silver/cool gray']",MORELIA NEO IV Β ELITE , Scarpe da calcetto con tacchetti , galaxy silver/cool gray
Scarpe Sportive Uomo Mizuno,MIZUNO,WAVE LIGHTNING Z8 - Scarpe da pallavolo - black/neon flame/peacock blue,"127,99","159,99",https://www.zalando.it/mizuno-wave-lightning-z8-scarpe-da-pallavolo-blackneon-flamepeacock-blue-m2742a0lf-q11.html,"['WAVE LIGHTNING Z8 ', ' Scarpe da pallavolo ', ' black/neon flame/peacock blue']",WAVE LIGHTNING Z8 , Scarpe da pallavolo , black/neon flame/peacock blue
Scarpe Sportive Uomo Mizuno,MIZUNO,WAVE RIDER 28 - Scarpe da corsa su strada - neo mint/frontier blue/vintage indigo,"159,99","159,99",https://www.zalando.it/mizuno-wave-rider-28-scarpe-da-corsa-su-strada-neo-mintfrontier-bluevintage-indigo-m2742a0ja-m12.html,"['WAVE RIDER 28 ', ' Scarpe da corsa su strada ', ' neo mint/frontier blue/vintage indigo']",WAVE RIDER 28 , Scarpe da corsa su strada , neo mint/frontier blue/vintage indigo
Scarpe Sportive Uomo Mizuno,MIZUNO,WAVE ENFORCE COURT - Scarpe da padel - salute/hibiscus/enamel blue,"98,99","109,99",https://www.zalando.it/mizuno-wave-enforce-court-scarpe-da-padel-salutehibiscusenamel-blue-m2742a0jk-q11.html,"['WAVE ENFORCE COURT ', ' Scarpe da padel ', ' salute/hibiscus/enamel blue']",WAVE ENFORCE COURT , Scarpe da padel , salute/hibiscus/enamel blue
Scarpe Sportive Uomo Mizuno,MIZUNO,WAVE LIGHTNING Z8 MID - Scarpe da pallavolo - white/bellwether blue/bel air blue,"135,99","169,99",https://www.zalando.it/mizuno-wave-lightning-z8-mid-scarpe-da-pallavolo-whitebellwether-bluebel-air-blue-m2742a0ho-a13.html,"['WAVE LIGHTNING Z8 MID ', ' Scarpe da pallavolo ', ' white/bellwether blue/bel air blue']",WAVE LIGHTNING Z8 MID , Scarpe da pallavolo , white/bellwether blue/bel air blue
Scarpe Sportive Uomo Mizuno,MIZUNO,WAVE EXCEED LIGHT 2 - da tennis per terra battuta - bellwether blue/white/fjord blue,"99,99","124,99",https://www.zalando.it/mizuno-wave-exceed-light-2-da-tennis-per-terra-battuta-bellwether-bluewhitefjord-blue-m2742a0jj-k11.html,"['WAVE EXCEED LIGHT 2 ', ' da tennis per terra battuta ', ' bellwether blue/white/fjord blue']",WAVE EXCEED LIGHT 2 , da tennis per terra battuta , bellwether blue/white/fjord blue
Scarpe Sportive Uomo Mizuno,MIZUNO,MORELIA NEO IV PRO - Scarpe da calcetto con tacchetti - black/galaxy silver/black,"77,99","129,99",https://www.zalando.it/mizuno-morelia-neo-iv-pro-scarpe-da-calcetto-con-tacchetti-blackgalaxy-silverblack-m2742a0hr-q11.html,"['MORELIA NEO IV PRO ', ' Scarpe da calcetto con tacchetti ', ' black/galaxy silver/black']",MORELIA NEO IV PRO , Scarpe da calcetto con tacchetti , black/galaxy silver/black
Scarpe Sportive Uomo Mizuno,MIZUNO,WAVE INSPIRE 21 - Scarpe da corsa su strada - dark blue/white,"159,99","159,99",https://www.zalando.it/mizuno-wave-inspire-21-scarpe-da-corsa-su-strada-dark-bluewhite-m2742a0l1-k11.html,"['WAVE INSPIRE 21 ', ' Scarpe da corsa su strada ', ' dark blue/white']",WAVE INSPIRE 21 , Scarpe da corsa su strada , dark blue/white
Scarpe Sportive Uomo Mizuno,MIZUNO,MONARCIDA NEO III - Scarpe da calcetto con tacchetti - white/neon green,"69,99","69,99",https://www.zalando.it/mizuno-monarcida-neo-iii-scarpe-da-calcetto-con-tacchetti-whiteneon-green-m2742a0jz-a11.html,"['MONARCIDA NEO III ', ' Scarpe da calcetto con tacchetti ', ' white/neon green']",MONARCIDA NEO III , Scarpe da calcetto con tacchetti , white/neon green
Scarpe Sportive Uomo Mizuno,MIZUNO,WAVE EXCEED LIGHT 2 PADEL - Scarpe da padel - anthracite/mottled red/blue,"124,99","124,99",https://www.zalando.it/mizuno-wave-exceed-light-2-padel-scarpe-da-padel-anthracitemottled-redblue-m2742a0gn-q11.html,"['WAVE EXCEED LIGHT 2 PADEL ', ' Scarpe da padel ', ' anthracite/mottled red/blue']",WAVE EXCEED LIGHT 2 PADEL , Scarpe da padel , anthracite/mottled red/blue
Scarpe Sportive Uomo Mizuno,MIZUNO,MONARCIDA NEO III - Scarpe da calcetto con tacchetti - galaxy silver,"69,99","69,99",https://www.zalando.it/mizuno-monarcida-neo-iii-scarpe-da-calcetto-con-tacchetti-galaxy-silver-m2742a0jz-d11.html,"['MONARCIDA NEO III ', ' Scarpe da calcetto con tacchetti ', ' galaxy silver']",MONARCIDA NEO III , Scarpe da calcetto con tacchetti , galaxy silver
Scarpe Sportive Uomo Mizuno,MIZUNO,MORELIA NEO IV Β ELITE - Scarpe da calcio con tacchetti - white/neon green/cool gray,"186,99","219,99",https://www.zalando.it/mizuno-morelia-neo-iv-elite-scarpe-da-calcio-con-tacchetti-whiteneon-greencool-gray-m2742a0jt-a11.html,"['MORELIA NEO IV Β ELITE ', ' Scarpe da calcio con tacchetti ', ' white/neon green/cool gray']",MORELIA NEO IV Β ELITE , Scarpe da calcio con tacchetti , white/neon green/cool gray
Scarpe Sportive Uomo Mizuno,MIZUNO,MIZUNO Α II PRO - Scarpe da calcetto con tacchetti - galaxy silver/gold coloured,"159,99","159,99",https://www.zalando.it/mizuno-ii-pro-scarpe-da-calcetto-con-tacchetti-galaxy-silvergold-coloured-m2742a0jw-d11.html,"['MIZUNO Α II PRO ', ' Scarpe da calcetto con tacchetti ', ' galaxy silver/gold coloured']",MIZUNO Α II PRO , Scarpe da calcetto con tacchetti , galaxy silver/gold coloured
Scarpe Sportive Uomo Mizuno,MIZUNO,WAVE MIRAGE 5 UNISEX - Scarpe da pallamano - mint/black/blue,"127,99","159,99",https://www.zalando.it/mizuno-sneakers-basse-mintblackblue-m2744a00q-m11.html,"['WAVE MIRAGE 5 UNISEX ', ' Scarpe da pallamano ', ' mint/black/blue']",WAVE MIRAGE 5 UNISEX , Scarpe da pallamano , mint/black/blue
Scarpe Sportive Uomo Mizuno,MIZUNO,WAVE VOLTAGE 2 MID - Scarpe da pallavolo - white/blue,"116,99","129,99",https://www.zalando.it/mizuno-wave-voltage-2-mid-scarpe-da-pallavolo-whiteblue-m2742a0ie-a12.html,"['WAVE VOLTAGE 2 MID ', ' Scarpe da pallavolo ', ' white/blue']",WAVE VOLTAGE 2 MID , Scarpe da pallavolo , white/blue
Scarpe Sportive Uomo Mizuno,MIZUNO,THUNDER BLADE Z - Scarpe da pallavolo - black/neon flame/peacock blue,"71,99","79,99",https://www.zalando.it/mizuno-thunder-blade-z-scarpe-da-pallavolo-blackneon-flamepeacock-blue-m2742a0lh-q11.html,"['THUNDER BLADE Z ', ' Scarpe da pallavolo ', ' black/neon flame/peacock blue']",THUNDER BLADE Z , Scarpe da pallavolo , black/neon flame/peacock blue
Scarpe Sportive Uomo Mizuno,MIZUNO,WAVE EQUATE 9 - Scarpe da corsa su strada - dark blue/mint,"129,99","129,99",https://www.zalando.it/mizuno-wave-equate-9-scarpe-da-corsa-su-strada-dark-bluemint-m2742a0l6-k11.html,"['WAVE EQUATE 9 ', ' Scarpe da corsa su strada ', ' dark blue/mint']",WAVE EQUATE 9 , Scarpe da corsa su strada , dark blue/mint
Scarpe Sportive Uomo Mizuno,MIZUNO,WAVE PHANTOM 3 UNISEX - Scarpe da pallamano - mint/black/blue,"98,99","109,99",https://www.zalando.it/mizuno-wave-phantom-3-unisex-scarpe-da-pallamano-mintblackblue-m2744a00r-m11.html,"['WAVE PHANTOM 3 UNISEX ', ' Scarpe da pallamano ', ' mint/black/blue']",WAVE PHANTOM 3 UNISEX , Scarpe da pallamano , mint/black/blue
Scarpe Sportive Uomo Mizuno,MIZUNO,BREAK SHOT 5 PADEL - Scarpe da padel - anthracite/mottled red/blue,"71,99","79,99",https://www.zalando.it/mizuno-break-shot-5-padel-scarpe-da-padel-anthracitemottled-redblue-m2742a0lc-q11.html,"['BREAK SHOT 5 PADEL ', ' Scarpe da padel ', ' anthracite/mottled red/blue']",BREAK SHOT 5 PADEL , Scarpe da padel , anthracite/mottled red/blue
Scarpe Sportive Uomo Mizuno,MIZUNO,MORELIA II ELITE - Scarpe da calcetto con tacchetti - white/neon green/galaxy silver,"103,99","159,99",https://www.zalando.it/mizuno-morelia-ii-elite-scarpe-da-calcetto-con-tacchetti-whiteneon-greengalaxy-silver-m2742a0jr-a11.html,"['MORELIA II ELITE ', ' Scarpe da calcetto con tacchetti ', ' white/neon green/galaxy silver']",MORELIA II ELITE , Scarpe da calcetto con tacchetti , white/neon green/galaxy silver
Scarpe Sportive Uomo Mizuno,MIZUNO,WAVE STEALTH NEO 2 - Scarpe da pallamano - neo lime/black/splish splash,"152,99","169,99",https://www.zalando.it/mizuno-wave-stealth-neo-2-scarpe-da-pallamano-neo-limeblacksplish-splash-m2742a0if-m11.html,"['WAVE STEALTH NEO 2 ', ' Scarpe da pallamano ', ' neo lime/black/splish splash']",WAVE STEALTH NEO 2 , Scarpe da pallamano , neo lime/black/splish splash
Scarpe Sportive Uomo Mizuno,MIZUNO,WAVE ENFORCE TOUR ALLCOURT - Scarpe da tennis per tutte le superfici - white neo mint vintage indigo,"127,99","159,99",https://www.zalando.it/mizuno-wave-enforce-tour-allcourt-scarpe-da-tennis-per-tutte-le-superfici-white-neo-mint-vintage-indigo-m2742a0ld-a11.html,"['WAVE ENFORCE TOUR ALLCOURT ', ' Scarpe da tennis per tutte le superfici ', ' white neo mint vintage indigo']",WAVE ENFORCE TOUR ALLCOURT , Scarpe da tennis per tutte le superfici , white neo mint vintage indigo
Scarpe Sportive Uomo Mizuno,MIZUNO,WAVE EXCEED TOUR 6 ALLCOURT - Scarpe da tennis per tutte le superfici - white/india ink/neo mint,"126,99","149,99",https://www.zalando.it/mizuno-wave-exceed-tour-6-allcourt-scarpe-da-tennis-per-tutte-le-superfici-whiteindia-inkneo-mint-m2742a0jf-a11.html,"['WAVE EXCEED TOUR 6 ALLCOURT ', ' Scarpe da tennis per tutte le superfici ', ' white/india ink/neo mint']",WAVE EXCEED TOUR 6 ALLCOURT , Scarpe da tennis per tutte le superfici , white/india ink/neo mint
Scarpe Sportive Uomo Mizuno,MIZUNO,WAVE DIMENSION MID - Scarpe da pallavolo - white/blue,"98,99","109,99",https://www.zalando.it/mizuno-wave-dimension-mid-scarpe-da-pallavolo-whiteblue-m2742a0fd-a15.html,"['WAVE DIMENSION MID ', ' Scarpe da pallavolo ', ' white/blue']",WAVE DIMENSION MID , Scarpe da pallavolo , white/blue
Scarpe Sportive Uomo Mizuno,MIZUNO,WAVE RIDER 28 - Scarpe da corsa su strada - black/white/evening primrose,"159,99","159,99",https://www.zalando.it/mizuno-wave-rider-28-scarpe-da-corsa-su-strada-blackwhiteevening-primrose-m2742a0ja-q12.html,"['WAVE RIDER 28 ', ' Scarpe da corsa su strada ', ' black/white/evening primrose']",WAVE RIDER 28 , Scarpe da corsa su strada , black/white/evening primrose
Scarpe Sportive Uomo Mizuno,MIZUNO,WAVE ENFORCE TOUR 2 - Scarpe da padel - salute/hibiscus/peacock blue,"143,99","159,99",https://www.zalando.it/mizuno-wave-enforce-tour-2-scarpe-da-padel-salutehibiscuspeacock-blue-m2742a0le-q11.html,"['WAVE ENFORCE TOUR 2 ', ' Scarpe da padel ', ' salute/hibiscus/peacock blue']",WAVE ENFORCE TOUR 2 , Scarpe da padel , salute/hibiscus/peacock blue
Scarpe Sportive Uomo Mizuno,MIZUNO,WAVE PHANTOM 3 - Scarpe da pallamano - white/blue,"98,99","109,99",https://www.zalando.it/mizuno-wave-phantom-3-scarpe-da-pallamano-whiteblue-m2742a0fb-a15.html,"['WAVE PHANTOM 3 ', ' Scarpe da pallamano ', ' white/blue']",WAVE PHANTOM 3 , Scarpe da pallamano , white/blue
Scarpe Sportive Uomo Mizuno,MIZUNO,WAVE INSPIRE 21 - Scarpe da corsa su strada - grey/mint,"159,99","159,99",https://www.zalando.it/mizuno-wave-inspire-21-scarpe-da-corsa-su-strada-greymint-m2742a0l1-c11.html,"['WAVE INSPIRE 21 ', ' Scarpe da corsa su strada ', ' grey/mint']",WAVE INSPIRE 21 , Scarpe da corsa su strada , grey/mint
Scarpe Sportive Uomo Mizuno,MIZUNO,WAVE RIDER 28 - Scarpe da corsa su strada - nimbus cloud/blue pace/ignition red,"159,99","159,99",https://www.zalando.it/mizuno-wave-rider-28-scarpe-da-corsa-su-strada-nimbus-cloudblue-paceignition-red-m2742a0ja-c11.html,"['WAVE RIDER 28 ', ' Scarpe da corsa su strada ', ' nimbus cloud/blue pace/ignition red']",WAVE RIDER 28 , Scarpe da corsa su strada , nimbus cloud/blue pace/ignition red
Scarpe Sportive Uomo Mizuno,MIZUNO,MORELIA NEO IV Β ELITE - Scarpe da calcio con tacchetti - galaxy silver/cool gray,"210,00","210,00",https://www.zalando.it/mizuno-morelia-neo-iv-elite-scarpe-da-calcio-con-tacchetti-galaxy-silvercool-gray-m2742a0jt-d11.html,"['MORELIA NEO IV Β ELITE ', ' Scarpe da calcio con tacchetti ', ' galaxy silver/cool gray']",MORELIA NEO IV Β ELITE , Scarpe da calcio con tacchetti , galaxy silver/cool gray
Scarpe Sportive Uomo Mizuno,MIZUNO,MORELIA NEO PRO - Scarpe da calcetto con tacchetti - galaxy silver/cool gray,"129,99","129,99",https://www.zalando.it/mizuno-scarpe-da-calcetto-con-tacchetti-galaxy-silvercool-gray-m2742a0k3-d11.html,"['MORELIA NEO PRO ', ' Scarpe da calcetto con tacchetti ', ' galaxy silver/cool gray']",MORELIA NEO PRO , Scarpe da calcetto con tacchetti , galaxy silver/cool gray
Scarpe Sportive Uomo Mizuno,MIZUNO,WAVE LIGHTNING NEO 3 - Scarpe da pallavolo - mint/black/blue,"161,99","179,99",https://www.zalando.it/mizuno-wave-lightning-neo-3-scarpe-da-pallavolo-mintblackblue-m2744a00n-m11.html,"['WAVE LIGHTNING NEO 3 ', ' Scarpe da pallavolo ', ' mint/black/blue']",WAVE LIGHTNING NEO 3 , Scarpe da pallavolo , mint/black/blue
Scarpe Sportive Uomo Mizuno,MIZUNO,MIZUNO ALPHA II ELITE UNISEX - Scarpe da calcetto con tacchetti - galaxy silver/gold,"199,95","199,95",https://www.zalando.it/mizuno-mizuno-alpha-ii-elite-unisex-scarpe-da-calcetto-con-tacchetti-galaxy-silvergold-m2742a0js-d11.html,"['MIZUNO ALPHA II ELITE UNISEX ', ' Scarpe da calcetto con tacchetti ', ' galaxy silver/gold']",MIZUNO ALPHA II ELITE UNISEX , Scarpe da calcetto con tacchetti , galaxy silver/gold
Scarpe Sportive Uomo Mizuno,MIZUNO,WAVE STEALTH 6 - Scarpe da pallamano - white/bellwether blue/bel air blue,"125,99","139,99",https://www.zalando.it/mizuno-wave-stealth-6-scarpe-da-pallamano-whitebellwether-bluebel-air-blue-m2742a0il-a12.html,"['WAVE STEALTH 6 ', ' Scarpe da pallamano ', ' white/bellwether blue/bel air blue']",WAVE STEALTH 6 , Scarpe da pallamano , white/bellwether blue/bel air blue
Scarpe Sportive Uomo Mizuno,MIZUNO,WAVE DAICHI 9 - Scarpe da trail running - red,"149,99","149,99",https://www.zalando.it/mizuno-wave-daichi-9-scarpe-da-trail-running-red-m2742a0l2-g11.html,"['WAVE DAICHI 9 ', ' Scarpe da trail running ', ' red']",WAVE DAICHI 9 , Scarpe da trail running , red
Scarpe Sportive Uomo Mizuno,MIZUNO,MONARCIDA NEO SELECT - Scarpe da calcetto con tacchetti - galaxy silver,"69,99","69,99",https://www.zalando.it/mizuno-monarcida-neo-select-scarpe-da-calcetto-con-tacchetti-galaxy-silver-m2742a0jl-d11.html,"['MONARCIDA NEO SELECT ', ' Scarpe da calcetto con tacchetti ', ' galaxy silver']",MONARCIDA NEO SELECT , Scarpe da calcetto con tacchetti , galaxy silver
Scarpe Sportive Uomo Mizuno,MIZUNO,WAVE STEALTH NEO 2 - Scarpe da pallamano - white/bellwether blue/bel air blue,"152,99","169,99",https://www.zalando.it/mizuno-wave-stealth-neo-2-scarpe-da-pallamano-whitebellwether-bluebel-air-blue-m2742a0if-a12.html,"['WAVE STEALTH NEO 2 ', ' Scarpe da pallamano ', ' white/bellwether blue/bel air blue']",WAVE STEALTH NEO 2 , Scarpe da pallamano , white/bellwether blue/bel air blue
Scarpe Sportive Uomo Mizuno,MIZUNO,WAVE LUMINOUS 3 - Scarpe da pallavolo - mint/black/blue,"134,99","149,99",https://www.zalando.it/mizuno-wave-luminous-3-scarpe-da-pallavolo-mintblackblue-m2744a00p-m11.html,"['WAVE LUMINOUS 3 ', ' Scarpe da pallavolo ', ' mint/black/blue']",WAVE LUMINOUS 3 , Scarpe da pallavolo , mint/black/blue
Scarpe Sportive Uomo Mizuno,MIZUNO,MORELIA NEO IV PRO - Scarpe da calcetto con tacchetti - white/neon green/cool gray,"83,99","129,99",https://www.zalando.it/mizuno-morelia-neo-iv-pro-scarpe-da-calcetto-con-tacchetti-whiteneon-greencool-gray-m2742a0jm-a11.html,"['MORELIA NEO IV PRO ', ' Scarpe da calcetto con tacchetti ', ' white/neon green/cool gray']",MORELIA NEO IV PRO , Scarpe da calcetto con tacchetti , white/neon green/cool gray
Scarpe Sportive Uomo Mizuno,MIZUNO,WAVE RIDER 28 - Scarpe da corsa su strada - vintage indigo/neo mint/frontier blue,"159,99","159,99",https://www.zalando.it/mizuno-wave-rider-28-scarpe-da-corsa-su-strada-vintage-indigoneo-mintfrontier-blue-m2742a0ja-k12.html,"['WAVE RIDER 28 ', ' Scarpe da corsa su strada ', ' vintage indigo/neo mint/frontier blue']",WAVE RIDER 28 , Scarpe da corsa su strada , vintage indigo/neo mint/frontier blue
Scarpe Sportive Uomo Mizuno,MIZUNO,MORELIA NEO IV B ELITE RUN ON - Scarpe da calcetto con tacchetti - black/galaxy silver,"209,99","209,99",https://www.zalando.it/mizuno-morelia-neo-iv-beta-elite-run-on-scarpe-da-calcetto-con-tacchetti-blackgalaxy-silver-m2742a0hu-q11.html,"['MORELIA NEO IV B ELITE RUN ON ', ' Scarpe da calcetto con tacchetti ', ' black/galaxy silver']",MORELIA NEO IV B ELITE RUN ON , Scarpe da calcetto con tacchetti , black/galaxy silver
Scarpe Sportive Uomo Mizuno,MIZUNO,WAVE EXCEED TOUR 6  - Scarpe da padel - salute/hibiscus/enamel blue,"126,99","149,99",https://www.zalando.it/mizuno-wave-exceed-tour-6-scarpe-da-padel-salutehibiscusenamel-blue-m2742a0ji-q11.html,"['WAVE EXCEED TOUR 6  ', ' Scarpe da padel ', ' salute/hibiscus/enamel blue']",WAVE EXCEED TOUR 6  , Scarpe da padel , salute/hibiscus/enamel blue
Scarpe Sportive Uomo Mizuno,MIZUNO,MONARCIDA NEO III  - Scarpe da calcetto con tacchetti - white/neon green,"44,99","69,99",https://www.zalando.it/mizuno-monarcida-neo-iii-select-ag-scarpe-da-calcetto-con-tacchetti-whiteneon-green-m2742a0jn-a11.html,"['MONARCIDA NEO III  ', ' Scarpe da calcetto con tacchetti ', ' white/neon green']",MONARCIDA NEO III  , Scarpe da calcetto con tacchetti , white/neon green
Scarpe Sportive Uomo Mizuno,MIZUNO,BREAK SHOT 5 CC - da tennis per terra battuta - white/black,"79,99","79,99",https://www.zalando.it/mizuno-break-shot-5-clay-da-tennis-per-terra-battuta-whiteblack-m2742a0lb-a11.html,"['BREAK SHOT 5 CC ', ' da tennis per terra battuta ', ' white/black']",BREAK SHOT 5 CC , da tennis per terra battuta , white/black
Scarpe Sportive Uomo Mizuno,MIZUNO,MIZUNO Α II PRO - Scarpe da calcetto con tacchetti - white/silver iridiscent/black,"155,00","155,00",https://www.zalando.it/mizuno-mizuno-ii-pro-unisex-scarpe-da-calcetto-con-tacchetti-whitesilver-iridiscentblack-m2742a0jw-a11.html,"['MIZUNO Α II PRO ', ' Scarpe da calcetto con tacchetti ', ' white/silver iridiscent/black']",MIZUNO Α II PRO , Scarpe da calcetto con tacchetti , white/silver iridiscent/black
Scarpe Sportive Uomo Mizuno,MIZUNO,MORELIA II PRO RUN ON - Scarpe da calcetto con tacchetti - black/galaxy silver/dark shadow,"106,00","120,00",https://www.zalando.it/mizuno-morelia-ii-pro-run-on-scarpe-da-calcetto-con-tacchetti-blackgalaxy-silverdark-shadow-m2742a0it-q11.html,"['MORELIA II PRO RUN ON ', ' Scarpe da calcetto con tacchetti ', ' black/galaxy silver/dark shadow']",MORELIA II PRO RUN ON , Scarpe da calcetto con tacchetti , black/galaxy silver/dark shadow
Scarpe Sportive Uomo Mizuno,MIZUNO,MORELIA II CLUB - Scarpe da calcetto con tacchetti - black/galaxy silver/dark shadow,"48,99","74,99",https://www.zalando.it/mizuno-morelia-ii-club-scarpe-da-calcetto-con-tacchetti-blackgalaxy-silverdark-shadow-m2742a0i2-q18.html,"['MORELIA II CLUB ', ' Scarpe da calcetto con tacchetti ', ' black/galaxy silver/dark shadow']",MORELIA II CLUB , Scarpe da calcetto con tacchetti , black/galaxy silver/dark shadow
Scarpe Sportive Uomo Mizuno,MIZUNO,WAVE SKYRISE 6 - Scarpe da corsa su strada - light grey/black/blue,"149,99","149,99",https://www.zalando.it/mizuno-wave-skyrise-6-scarpe-da-corsa-su-strada-light-greyblackblue-m2742a0l5-c11.html,"['WAVE SKYRISE 6 ', ' Scarpe da corsa su strada ', ' light grey/black/blue']",WAVE SKYRISE 6 , Scarpe da corsa su strada , light grey/black/blue
Scarpe Sportive Uomo Mizuno,MIZUNO,WAVE ULTIMA 16 - Scarpe da corsa su strada - dark blue/mint,"139,99","139,99",https://www.zalando.it/mizuno-wave-ultima-16-scarpe-da-corsa-su-strada-dark-bluemint-m2742a0l3-k11.html,"['WAVE ULTIMA 16 ', ' Scarpe da corsa su strada ', ' dark blue/mint']",WAVE ULTIMA 16 , Scarpe da corsa su strada , dark blue/mint
Scarpe Sportive Uomo Mizuno,MIZUNO,WAVE ULTIMA 16 - Scarpe da corsa su strada - blue/light red,"139,99","139,99",https://www.zalando.it/mizuno-wave-ultima-16-scarpe-da-corsa-su-strada-bluelight-red-m2742a0l3-k12.html,"['WAVE ULTIMA 16 ', ' Scarpe da corsa su strada ', ' blue/light red']",WAVE ULTIMA 16 , Scarpe da corsa su strada , blue/light red
Scarpe Sportive Uomo Mizuno,MIZUNO,WAVE MOMENTUM 3 MID - Scarpe da pallavolo - white/blue,"161,99","179,99",https://www.zalando.it/mizuno-wave-momentum-3-mid-scarpe-da-pallavolo-whiteblue-m2742a0gp-a13.html,"['WAVE MOMENTUM 3 MID ', ' Scarpe da pallavolo ', ' white/blue']",WAVE MOMENTUM 3 MID , Scarpe da pallavolo , white/blue
Scarpe Sportive Uomo Mizuno,MIZUNO,MONARCIDA NEO III SELECT AG - Scarpe da calcetto con tacchetti - black/silver,"75,50","75,50",https://www.zalando.it/mizuno-monarcida-neo-iii-select-ag-scarpe-da-calcetto-con-tacchetti-blacksilver-m2742a0ih-q11.html,"['MONARCIDA NEO III SELECT AG ', ' Scarpe da calcetto con tacchetti ', ' black/silver']",MONARCIDA NEO III SELECT AG , Scarpe da calcetto con tacchetti , black/silver
Scarpe Sportive Uomo Mizuno,MIZUNO,MORELIA II CLUB - Scarpe da calcetto con tacchetti - white/neon green/galaxy silver,"48,99","74,99",https://www.zalando.it/mizuno-morelia-ii-club-scarpe-da-calcetto-con-tacchetti-whiteneon-greengalaxy-silver-m2742a0jp-a11.html,"['MORELIA II CLUB ', ' Scarpe da calcetto con tacchetti ', ' white/neon green/galaxy silver']",MORELIA II CLUB , Scarpe da calcetto con tacchetti , white/neon green/galaxy silver
Scarpe Sportive Uomo Mizuno,MIZUNO,WAVE RIDER TT 2 - Scarpe da trail running - vintage indigo/ether/neo mint,"159,99","159,99",https://www.zalando.it/mizuno-wave-rider-tt-2-scarpe-da-trail-running-vintage-indigoetherneo-mint-m2742a0jc-k12.html,"['WAVE RIDER TT 2 ', ' Scarpe da trail running ', ' vintage indigo/ether/neo mint']",WAVE RIDER TT 2 , Scarpe da trail running , vintage indigo/ether/neo mint
Scarpe Sportive Uomo Mizuno,MIZUNO,WAVE EXCEED TOUR 6 CLAY - da tennis per terra battuta - bellwether blue/white/fjord blue,"126,99","149,99",https://www.zalando.it/mizuno-wave-exceed-tour-6-clay-da-tennis-per-terra-battuta-bellwether-bluewhitefjord-blue-m2742a0jg-k12.html,"['WAVE EXCEED TOUR 6 CLAY ', ' da tennis per terra battuta ', ' bellwether blue/white/fjord blue']",WAVE EXCEED TOUR 6 CLAY , da tennis per terra battuta , bellwether blue/white/fjord blue
Scarpe Sportive Uomo Mizuno,MIZUNO,MORELIA II CLUB - Scarpe da calcetto con tacchetti - galaxy silver/gold,"74,99","74,99",https://www.zalando.it/mizuno-morelia-ii-club-scarpe-da-calcetto-con-tacchetti-galaxy-silvergold-m2742a0jp-d11.html,"['MORELIA II CLUB ', ' Scarpe da calcetto con tacchetti ', ' galaxy silver/gold']",MORELIA II CLUB , Scarpe da calcetto con tacchetti , galaxy silver/gold
Scarpe Sportive Uomo Mizuno,MIZUNO,MORELIA II PRO AG - Scarpe da calcetto con tacchetti - galaxy silver/gold,"119,99","119,99",https://www.zalando.it/mizuno-scarpe-da-calcetto-con-tacchetti-galaxy-silvergold-m2742a0k4-d11.html,"['MORELIA II PRO AG ', ' Scarpe da calcetto con tacchetti ', ' galaxy silver/gold']",MORELIA II PRO AG , Scarpe da calcetto con tacchetti , galaxy silver/gold
Scarpe Sportive Uomo Mizuno,MIZUNO,MORELIA II PRO - Scarpe da calcetto con tacchetti - white/neon green/galaxy silver,"77,99","119,99",https://www.zalando.it/mizuno-morelia-ii-pro-scarpe-da-calcetto-con-tacchetti-whiteneon-greengalaxy-silver-m2742a0jo-a11.html,"['MORELIA II PRO ', ' Scarpe da calcetto con tacchetti ', ' white/neon green/galaxy silver']",MORELIA II PRO , Scarpe da calcetto con tacchetti , white/neon green/galaxy silver
Scarpe Sportive Uomo Mizuno,MIZUNO,WAVE STEALTH NEO 2 UNISEX - Scarpe da pallamano - neo mint/black/frontier blue,"152,99","169,99",https://www.zalando.it/mizuno-sneakers-basse-neo-mintblackfrontier-blue-m2744a00t-m11.html,"['WAVE STEALTH NEO 2 UNISEX ', ' Scarpe da pallamano ', ' neo mint/black/frontier blue']",WAVE STEALTH NEO 2 UNISEX , Scarpe da pallamano , neo mint/black/frontier blue
Scarpe Sportive Uomo Mizuno,MIZUNO,SALA CLUB IN - Scarpe da calcetto - sunny lime/black,"76,00","76,00",https://www.zalando.it/mizuno-sala-club-in-scarpe-da-calcetto-sunny-limeblack-m2742a0ii-e11.html,"['SALA CLUB IN ', ' Scarpe da calcetto ', ' sunny lime/black']",SALA CLUB IN , Scarpe da calcetto , sunny lime/black
Scarpe Sportive Uomo Mizuno,MIZUNO,WAVE LUMINOUS 3 - Scarpe da pallavolo - white/bellwether blue/bel air blue,"134,99","149,99",https://www.zalando.it/mizuno-wave-luminous-3-scarpe-da-pallavolo-whitebellwether-bluebel-air-blue-m2742a0ij-a12.html,"['WAVE LUMINOUS 3 ', ' Scarpe da pallavolo ', ' white/bellwether blue/bel air blue']",WAVE LUMINOUS 3 , Scarpe da pallavolo , white/bellwether blue/bel air blue
Scarpe Sportive Uomo Mizuno,MIZUNO,WAVE SKYRISE - Scarpe da corsa su strada - classic blue plein air river blue,"150,00","150,00",https://www.zalando.it/mizuno-wave-skyrise-scarpe-running-neutre-classic-blue-plein-air-river-blue-m2742a0kg-k11.html,"['WAVE SKYRISE ', ' Scarpe da corsa su strada ', ' classic blue plein air river blue']",WAVE SKYRISE , Scarpe da corsa su strada , classic blue plein air river blue
Scarpe Sportive Uomo Mizuno,MIZUNO,MONARCIDA NEO III  - Scarpe da calcetto con tacchetti - galaxy silver,"69,99","69,99",https://www.zalando.it/mizuno-monarcida-neo-iii-scarpe-da-calcetto-con-tacchetti-galaxy-silver-m2742a0jn-d11.html,"['MONARCIDA NEO III  ', ' Scarpe da calcetto con tacchetti ', ' galaxy silver']",MONARCIDA NEO III  , Scarpe da calcetto con tacchetti , galaxy silver
Scarpe Sportive Uomo Mizuno,MIZUNO,BREAK SHOT 5 CC - da tennis per terra battuta - blue/mint,"71,99","79,99",https://www.zalando.it/mizuno-break-shot-5-clay-da-tennis-per-terra-battuta-bluemint-m2742a0lb-k11.html,"['BREAK SHOT 5 CC ', ' da tennis per terra battuta ', ' blue/mint']",BREAK SHOT 5 CC , da tennis per terra battuta , blue/mint
Scarpe Sportive Uomo Mizuno,MIZUNO,MONARCIDA NEO SELECT - Scarpe da calcetto con tacchetti - white/neon green,"44,99","69,99",https://www.zalando.it/mizuno-monarcida-neo-iii-select-scarpe-da-calcetto-con-tacchetti-whiteneon-green-m2742a0jl-a11.html,"['MONARCIDA NEO SELECT ', ' Scarpe da calcetto con tacchetti ', ' white/neon green']",MONARCIDA NEO SELECT , Scarpe da calcetto con tacchetti , white/neon green
Scarpe Sportive Uomo Mizuno,MIZUNO,THUNDER BLADE Z - Scarpe da pallavolo - white/bellwether blue/bel air blue,"71,99","79,99",https://www.zalando.it/mizuno-thunder-blade-z-scarpe-da-pallavolo-whitebellwether-bluebel-air-blue-m2742a0lh-a11.html,"['THUNDER BLADE Z ', ' Scarpe da pallavolo ', ' white/bellwether blue/bel air blue']",THUNDER BLADE Z , Scarpe da pallavolo , white/bellwether blue/bel air blue
Scarpe Sportive Uomo Mizuno,MIZUNO,WAVE SKYRISE 6 - Scarpe da corsa su strada - dark blue/white/mint,"149,99","149,99",https://www.zalando.it/mizuno-wave-skyrise-6-scarpe-da-corsa-su-strada-dark-bluewhitemint-m2742a0l5-k11.html,"['WAVE SKYRISE 6 ', ' Scarpe da corsa su strada ', ' dark blue/white/mint']",WAVE SKYRISE 6 , Scarpe da corsa su strada , dark blue/white/mint
Scarpini Mizuno Uomo,MIZUNO,MORELIA NEO IV PRO MIX - Scarpe da calcetto con tacchetti - white/neon green/cool gray 3c,"125,99","139,99",https://www.zalando.it/mizuno-morelia-neo-iv-pro-mix-scarpe-da-calcetto-con-tacchetti-whiteneon-greencool-gray-3c-m2742a0jq-a11.html,"['MORELIA NEO IV PRO MIX ', ' Scarpe da calcetto con tacchetti ', ' white/neon green/cool gray 3c']",MORELIA NEO IV PRO MIX , Scarpe da calcetto con tacchetti , white/neon green/cool gray 3c
Scarpini Mizuno Uomo,MIZUNO,MIZUNO ALPHA II ELITE UNISEX - Scarpe da calcetto con tacchetti - white/black iridescent/black,"179,00","179,00",https://www.zalando.it/mizuno-mizuno-alpha-ii-elite-unisex-scarpe-da-calcetto-con-tacchetti-whiteblack-iridescentblack-m2742a0js-a11.html,"['MIZUNO ALPHA II ELITE UNISEX ', ' Scarpe da calcetto con tacchetti ', ' white/black iridescent/black']",MIZUNO ALPHA II ELITE UNISEX , Scarpe da calcetto con tacchetti , white/black iridescent/black
Scarpini Mizuno Uomo,MIZUNO,WAVE EXCEED LIGHT 2 - Scarpe da tennis per tutte le superfici - white/mint/blue,"111,99","124,99",https://www.zalando.it/mizuno-wave-exceed-light-2-scarpe-da-tennis-per-tutte-le-superfici-whitemintblue-m2742a0go-a11.html,"['WAVE EXCEED LIGHT 2 ', ' Scarpe da tennis per tutte le superfici ', ' white/mint/blue']",WAVE EXCEED LIGHT 2 , Scarpe da tennis per tutte le superfici , white/mint/blue
Scarpini Mizuno Uomo,MIZUNO,WAVE ENFORCE TOUR 2 CC - da tennis per terra battuta - blue/white,"159,99","159,99",https://www.zalando.it/mizuno-da-tennis-per-terra-battuta-bluewhite-m2742a0l9-k11.html,"['WAVE ENFORCE TOUR 2 CC ', ' da tennis per terra battuta ', ' blue/white']",WAVE ENFORCE TOUR 2 CC , da tennis per terra battuta , blue/white
Scarpini Mizuno Uomo,MIZUNO,WAVE MOMENTUM 3 UNISEX - Scarpe da pallavolo - neo mint/black/frontier blue,"152,99","169,99",https://www.zalando.it/mizuno-wave-momentum-3-unisex-scarpe-da-pallavolo-neo-mintblackfrontier-blue-m2744a00s-m11.html,"['WAVE MOMENTUM 3 UNISEX ', ' Scarpe da pallavolo ', ' neo mint/black/frontier blue']",WAVE MOMENTUM 3 UNISEX , Scarpe da pallavolo , neo mint/black/frontier blue
Scarpini Mizuno Uomo,MIZUNO,WAVE LIGHTNING Z8 - Scarpe da pallavolo - neo lime/black/splish splash,"133,07","160,00",https://www.zalando.it/mizuno-wave-lightning-z8-scarpe-da-pallavolo-neo-limeblacksplish-splash-m2742a0hv-m11.html,"['WAVE LIGHTNING Z8 ', ' Scarpe da pallavolo ', ' neo lime/black/splish splash']",WAVE LIGHTNING Z8 , Scarpe da pallavolo , neo lime/black/splish splash
Scarpini Mizuno Uomo,MIZUNO,WAVE STEALTH 6 UNISEX - Scarpe da pallamano - neo mint/black/frontier blue,"125,99","139,99",https://www.zalando.it/mizuno-sneakers-basse-neo-mintblackfrontier-blue-m2744a00u-m11.html,"['WAVE STEALTH 6 UNISEX ', ' Scarpe da pallamano ', ' neo mint/black/frontier blue']",WAVE STEALTH 6 UNISEX , Scarpe da pallamano , neo mint/black/frontier blue
Scarpini Mizuno Uomo,MIZUNO,WAVE LIGHTNING Z8 UNISEX - Scarpe da pallavolo - neo mint/black/frontier blue,"143,99","159,99",https://www.zalando.it/mizuno-wave-lightning-z8-unisex-scarpe-da-pallavolo-neo-mintblackfrontier-blue-m2744a00o-m11.html,"['WAVE LIGHTNING Z8 UNISEX ', ' Scarpe da pallavolo ', ' neo mint/black/frontier blue']",WAVE LIGHTNING Z8 UNISEX , Scarpe da pallavolo , neo mint/black/frontier blue
Scarpini Mizuno Uomo,MIZUNO,MONARCIDA NEO III SELECT AG - Scarpe da calcetto con tacchetti - white/laser blue,"58,99","69,99",https://www.zalando.it/mizuno-monarcida-neo-iii-select-ag-scarpe-da-calcetto-con-tacchetti-whitelaser-blue-m2742a0ih-a11.html,"['MONARCIDA NEO III SELECT AG ', ' Scarpe da calcetto con tacchetti ', ' white/laser blue']",MONARCIDA NEO III SELECT AG , Scarpe da calcetto con tacchetti , white/laser blue
Scarpini Mizuno Uomo,MIZUNO,WAVE LIGHTNING Z8 - Scarpe da pallavolo - white/bellwether blue/bel air blue,"143,99","159,99",https://www.zalando.it/mizuno-wave-lightning-z8-scarpe-da-pallavolo-whitebellwether-bluebel-air-blue-m2742a0lf-a11.html,"['WAVE LIGHTNING Z8 ', ' Scarpe da pallavolo ', ' white/bellwether blue/bel air blue']",WAVE LIGHTNING Z8 , Scarpe da pallavolo , white/bellwether blue/bel air blue
Scarpini Mizuno Uomo,MIZUNO,WAVE MEDAL 7 - Scarpe da pallamano - white/mugen blue/estate blue,"83,99","129,99",https://www.zalando.it/mizuno-wave-medal-7-scarpe-da-pallamano-whitemugen-blueestate-blue-m2742a0ir-a11.html,"['WAVE MEDAL 7 ', ' Scarpe da pallamano ', ' white/mugen blue/estate blue']",WAVE MEDAL 7 , Scarpe da pallamano , white/mugen blue/estate blue
Scarpini Mizuno Uomo,MIZUNO,WAVE RIDER 28 - Scarpe da corsa su strada - white/estate blue/mugen blue,"157,00","157,00",https://www.zalando.it/mizuno-wave-rider-28-scarpe-running-neutre-whiteestate-bluemugen-blue-m2742a0ja-a11.html,"['WAVE RIDER 28 ', ' Scarpe da corsa su strada ', ' white/estate blue/mugen blue']",WAVE RIDER 28 , Scarpe da corsa su strada , white/estate blue/mugen blue
Scarpini Mizuno Uomo,MIZUNO,WAVE VOLTAGE 2 UNISEX - Scarpe da pallavolo - black/neon flame/peacock blue,"83,99","119,99",https://www.zalando.it/mizuno-wave-voltage-2-unisex-scarpe-da-pallavolo-blackneon-flamepeacock-blue-m2742a0ip-q11.html,"['WAVE VOLTAGE 2 UNISEX ', ' Scarpe da pallavolo ', ' black/neon flame/peacock blue']",WAVE VOLTAGE 2 UNISEX , Scarpe da pallavolo , black/neon flame/peacock blue
Scarpini Mizuno Uomo,MIZUNO,WAVE SKY 8 - Scarpe da corsa su strada - neo lime/black/white,"190,00","190,00",https://www.zalando.it/mizuno-wave-sky-8-scarpe-running-neutre-neo-limeblackwhite-m2742a0jb-m11.html,"['WAVE SKY 8 ', ' Scarpe da corsa su strada ', ' neo lime/black/white']",WAVE SKY 8 , Scarpe da corsa su strada , neo lime/black/white
Scarpini Mizuno Uomo,MIZUNO,WAVE DRIVE 9 - Scarpe da tennis per tutte le superfici - white/dress blues/gold,"119,99","119,99",https://www.zalando.it/mizuno-wave-drive-9-scarpe-da-tennis-per-tutte-le-superfici-whitedress-bluesgold-m2742a0hl-a12.html,"['WAVE DRIVE 9 ', ' Scarpe da tennis per tutte le superfici ', ' white/dress blues/gold']",WAVE DRIVE 9 , Scarpe da tennis per tutte le superfici , white/dress blues/gold
Scarpini Mizuno Uomo,MIZUNO,NEO VISTA - Scarpe da corsa su strada - nimbus cloud vintage indigo neo mint,"216,96","216,96",https://www.zalando.it/mizuno-scarpe-da-corsa-su-strada-nimbus-cloud-vintage-indigo-neo-mint-m2742a0m7-c11.html,"['NEO VISTA ', ' Scarpe da corsa su strada ', ' nimbus cloud vintage indigo neo mint']",NEO VISTA , Scarpe da corsa su strada , nimbus cloud vintage indigo neo mint
Scarpini Mizuno Uomo,MIZUNO,WAVE MIRAGE 5 - Scarpe da pallamano - neo lime/black/splish splash,"79,99","159,99",https://www.zalando.it/mizuno-wave-mirage-5-scarpe-da-pallamano-neo-limeblacksplish-splash-m2742a0hn-m11.html,"['WAVE MIRAGE 5 ', ' Scarpe da pallamano ', ' neo lime/black/splish splash']",WAVE MIRAGE 5 , Scarpe da pallamano , neo lime/black/splish splash
Scarpini Mizuno Uomo,MIZUNO,WAVE LIGHTNING Z8 - Scarpe da pallavolo - white/salsa/black,"87,99","159,99",https://www.zalando.it/mizuno-wave-lightning-z8-scarpe-da-pallavolo-whitesalsablack-m2742a0hv-a12.html,"['WAVE LIGHTNING Z8 ', ' Scarpe da pallavolo ', ' white/salsa/black']",WAVE LIGHTNING Z8 , Scarpe da pallavolo , white/salsa/black
Scarpini Mizuno Uomo,MIZUNO,WAVE LUMINOUS 3 - Scarpe da pallavolo - neo lime/black/splish splash,"126,99","149,99",https://www.zalando.it/mizuno-wave-luminous-3-scarpe-da-pallavolo-neo-limeblacksplish-splash-m2742a0ij-m11.html,"['WAVE LUMINOUS 3 ', ' Scarpe da pallavolo ', ' neo lime/black/splish splash']",WAVE LUMINOUS 3 , Scarpe da pallavolo , neo lime/black/splish splash
Scarpini Mizuno Uomo,MIZUNO,CYCLONE SPEED 4 - Scarpe da pallavolo - white/salsa/black,"48,99","69,99",https://www.zalando.it/mizuno-cyclone-speed-4-scarpe-da-pallavolo-whitesalsablack-m2742a0gv-a13.html,"['CYCLONE SPEED 4 ', ' Scarpe da pallavolo ', ' white/salsa/black']",CYCLONE SPEED 4 , Scarpe da pallavolo , white/salsa/black
Scarpini Mizuno Uomo,MIZUNO,MORELIA II PRO AG - Scarpe da calcetto con tacchetti - white/laser blue/gold,"101,99","119,99",https://www.zalando.it/mizuno-morelia-ii-pro-ag-scarpe-da-calcetto-con-tacchetti-whitelaser-bluegold-m2742a0iu-a11.html,"['MORELIA II PRO AG ', ' Scarpe da calcetto con tacchetti ', ' white/laser blue/gold']",MORELIA II PRO AG , Scarpe da calcetto con tacchetti , white/laser blue/gold
Scarpini Mizuno Uomo,MIZUNO,SALA CLUB TF - Scarpe da calcetto con tacchetti - white/laser blue,"75,50","75,50",https://www.zalando.it/mizuno-sala-club-tf-scarpe-da-calcetto-con-tacchetti-whitelaser-blue-m2742a0iq-a11.html,"['SALA CLUB TF ', ' Scarpe da calcetto con tacchetti ', ' white/laser blue']",SALA CLUB TF , Scarpe da calcetto con tacchetti , white/laser blue
Scarpini Mizuno Uomo,MIZUNO,WAVE MOMENTUM 3 MID - Scarpe da pallavolo - mugen blue/white/estate blue,"162,00","180,00",https://www.zalando.it/mizuno-wave-momentum-3-mid-scarpe-da-pallavolo-mugen-bluewhiteestate-blue-m2742a0gp-k11.html,"['WAVE MOMENTUM 3 MID ', ' Scarpe da pallavolo ', ' mugen blue/white/estate blue']",WAVE MOMENTUM 3 MID , Scarpe da pallavolo , mugen blue/white/estate blue
Scarpini Mizuno Uomo,MIZUNO,MORELIA II PRO - Scarpe da calcetto con tacchetti - black/gold/dark shadow,"119,95","119,95",https://www.zalando.it/mizuno-morelia-ii-pro-scarpe-da-calcetto-con-tacchetti-blackgolddark-shadow-m2742a0gl-q11.html,"['MORELIA II PRO ', ' Scarpe da calcetto con tacchetti ', ' black/gold/dark shadow']",MORELIA II PRO , Scarpe da calcetto con tacchetti , black/gold/dark shadow
Scarpini Mizuno Uomo,MIZUNO,WAVE STEALTH NEO 2 - Scarpe da pallamano - mugen blue/white/estate blue,"169,99","169,99",https://www.zalando.it/mizuno-wave-stealth-neo-2-scarpe-da-pallamano-mugen-bluewhiteestate-blue-m2742a0if-k11.html,"['WAVE STEALTH NEO 2 ', ' Scarpe da pallamano ', ' mugen blue/white/estate blue']",WAVE STEALTH NEO 2 , Scarpe da pallamano , mugen blue/white/estate blue
Scarpini Mizuno Uomo,MIZUNO,WAVE MOMENTUM 3 - Scarpe da pallavolo - radiant red/white/carrot curl,"153,00","170,00",https://www.zalando.it/mizuno-wave-momentum-3-scarpe-da-pallavolo-radiant-redwhitecarrot-curl-m2742a0gs-g11.html,"['WAVE MOMENTUM 3 ', ' Scarpe da pallavolo ', ' radiant red/white/carrot curl']",WAVE MOMENTUM 3 , Scarpe da pallavolo , radiant red/white/carrot curl
Scarpini Mizuno Uomo,MIZUNO,WAVE STEALTH NEO - Scarpe da pallamano - white/moroccan blue/silver,"136,00","170,00",https://www.zalando.it/mizuno-wave-stealth-neo-scarpe-da-pallamano-whitemoroccan-bluesilver-m2742a0ch-a14.html,"['WAVE STEALTH NEO ', ' Scarpe da pallamano ', ' white/moroccan blue/silver']",WAVE STEALTH NEO , Scarpe da pallamano , white/moroccan blue/silver
Scarpini Mizuno Uomo,MIZUNO,WAVE EXCEED TOUR 6 - da tennis per terra battuta - moroccan blue/white/blue topaz,"121,73","150,00",https://www.zalando.it/mizuno-wave-exceed-tour-6-da-tennis-per-terra-battuta-moroccan-bluewhiteblue-topaz-m2742a0i9-k11.html,"['WAVE EXCEED TOUR 6 ', ' da tennis per terra battuta ', ' moroccan blue/white/blue topaz']",WAVE EXCEED TOUR 6 , da tennis per terra battuta , moroccan blue/white/blue topaz
Scarpini Mizuno Uomo,MIZUNO,WAVE EXCEED - Scarpe da tennis per tutte le superfici - moroccan blue  white  bluejay,"104,72","125,00",https://www.zalando.it/mizuno-sneakers-basse-moroccan-blue-white-bluejay-m2742a0l0-k11.html,"['WAVE EXCEED ', ' Scarpe da tennis per tutte le superfici ', ' moroccan blue  white  bluejay']",WAVE EXCEED , Scarpe da tennis per tutte le superfici , moroccan blue  white  bluejay
Scarpini Mizuno Uomo,MIZUNO,WAVE ENFORCE TOUR  - da tennis per terra battuta - mugenblue white riverblue,"133,07","160,00",https://www.zalando.it/mizuno-da-tennis-per-terra-battuta-mugenblue-white-riverblue-m2742a0lw-k11.html,"['WAVE ENFORCE TOUR  ', ' da tennis per terra battuta ', ' mugenblue white riverblue']",WAVE ENFORCE TOUR  , da tennis per terra battuta , mugenblue white riverblue
Scarpini Mizuno Uomo,MIZUNO,MORELIA NEO IV PRO - Scarpe da calcetto con tacchetti - black/gold,"117,00","117,00",https://www.zalando.it/mizuno-morelia-neo-iv-pro-scarpe-da-calcetto-con-tacchetti-blackgold-m2742a0gz-q11.html,"['MORELIA NEO IV PRO ', ' Scarpe da calcetto con tacchetti ', ' black/gold']",MORELIA NEO IV PRO , Scarpe da calcetto con tacchetti , black/gold
Scarpini Mizuno Uomo,MIZUNO,MORELIA II PRO RUN ON - Scarpe da calcetto con tacchetti - white/laser blue/gold,"101,99","119,99",https://www.zalando.it/mizuno-morelia-ii-pro-run-on-scarpe-da-calcetto-con-tacchetti-whitelaser-bluegold-m2742a0it-a11.html,"['MORELIA II PRO RUN ON ', ' Scarpe da calcetto con tacchetti ', ' white/laser blue/gold']",MORELIA II PRO RUN ON , Scarpe da calcetto con tacchetti , white/laser blue/gold
Scarpini Mizuno Uomo,MIZUNO,MORELIA II ELITE - Scarpe da calcetto con tacchetti - white/laser blue/gold,"128,00","160,00",https://www.zalando.it/mizuno-morelia-ii-elite-scarpe-da-calcetto-con-tacchetti-whitelaser-bluegold-m2742a0i0-a11.html,"['MORELIA II ELITE ', ' Scarpe da calcetto con tacchetti ', ' white/laser blue/gold']",MORELIA II ELITE , Scarpe da calcetto con tacchetti , white/laser blue/gold
Scarpini Mizuno Uomo,MIZUNO,WAVE DAICHI 8 - Scarpe da trail running - estate blue/apricot/spicy orange,"121,73","150,00",https://www.zalando.it/mizuno-wave-daichi-8-scarpe-da-trail-running-estate-blueapricotspicy-orange-m2742a0j3-k11.html,"['WAVE DAICHI 8 ', ' Scarpe da trail running ', ' estate blue/apricot/spicy orange']",WAVE DAICHI 8 , Scarpe da trail running , estate blue/apricot/spicy orange
Scarpini Mizuno Uomo,MIZUNO,SALA CLUB IN - Scarpe da calcetto - mugen blue/white,"41,99","69,99",https://www.zalando.it/mizuno-sala-club-in-scarpe-da-calcetto-mugen-bluewhite-m2742a0ii-k11.html,"['SALA CLUB IN ', ' Scarpe da calcetto ', ' mugen blue/white']",SALA CLUB IN , Scarpe da calcetto , mugen blue/white
